QuoteController,0
mongodb.MongoQuoteRepository,1
QuoteRepository,2
mongodb.QuoteDetails,3
QuoteItemInfo,4
Quote,5
DealerController,6
mongodb.MongoDealersRepository,7
DealersRepository,8
mongodb.Dealer,9
DealerInfo,10
Utility and Exceptions,
Utility,11
RepositoryFactory,12
BadRequestException,13
mongodb.MongoOperationsWithRetry,14
Shipment & Delivery,
Delivery,15
PhoneInfo,16
ShipmentController,17
mongodb.MongoShipmentRepository,18
ShipmentRepository,19
mongodb.ShipmentDetails,20
ShipmentRecord,21
ShipmentEventInfo,22
DeliveryAddress,23
OrderController,24
mongodb.MongoOrderRepository,25
OrderRepository,26
mongodb.OrderDetails,27
OrderUpdateInfo,28
OrderEventInfo,29
OrderStatus,30
