partition3,MonitorRunnable
partition3,Messages[Duplicate_#006]
partition3,QueueSpinupMonitorTask
partition3,EBCManager
partition3,RTCBuildProvider
partition3,Pool
partition3,FinishMonitorTask
partition3,QueueDiscoveryMonitorTask
partition3,RTCConnection
partition3,BuildDiscoveryHelper
partition3,EBCUtils
partition3,Messages[Duplicate_#008]
partition3,EnvironmentMonitorTask
partition0,ResourceReaper
partition0,OpenStackProvider
partition0,OpenStackHelper
partition0,RequestHelper
partition0,ConnectionInfo
partition0,Messages[Duplicate_#003]
partition0,AllData
partition0,OpenStackToken
partition0,OpenStackStack
partition0,SimpleContext
partition0,Messages[Duplicate_#002]
partition0,UCDBuildEnvironmentProvider
partition0,UDeployHelper
partition0,Environment
partition0,Agent
partition0,UCDStaticPoolProvider
partition0,UCDResourceHelper
partition0,UCDResource
partition0,Messages[Duplicate_#005]
partition0,BuildRediscoveryTask
partition2,OpenStackStackResource
partition1,Messages[Duplicate_#004]
partition2,SpinUp
partition2,SequenceFuture
partition2,BasicRequirement
partition2,HeatTemplatePlan
partition2,ResourceEventAbout
partition2,AlphaNumericCounter
partition2,HeatTemplate
partition2,EBCEventUtil
partition2,Messages[Duplicate_#007]
partition2,MachineReadable
partition2,RequirementEvent
partition2,RequirementEventAbout
partition2,UCDBlueprintPlan
partition0,Blueprint
partition2,ActionWithRecurringCheck
partition2,UCDCreate
partition2,FutureResultOverrider
partition2,FutureWatcher
partition2,UCDDelete
partition2,UCDProcess
partition2,UCDProcessDefinition
partition2,UCDEnvironmentResource
partition2,UCDAgentDetail
partition2,DeleteOpenStackProcess
partition2,AbstractBuild
partition2,RTCBuild
partition2,CreateOpenStackProcess
partition2,RequirementOrchestrator
partition2,BuildEventAbout
partition2,TagUtils
partition2,BuildRequirementDetail
partition2,IncrementalContextIdGenerator
partition2,BuildRequirement
partition2,UCDProperty
partition2,AgentPrototype
partition2,UCDAgent
partition2,OpenStackProcess
partition2,EBCLogFormatter
partition2,BuildLogFormatter
partition2,UCDResource[Duplicate_#001]
partition2,UCDAgentsResource
partition5,UnsupportedRequirementException
partition5,UCDConnectionInfo
partition5,MultiKeyPropertyMap
partition5,UCDGenericProcess
partition4,EBCCallbackServlet
partition4,ResourceStatistics
partition4,ResultMovingCounter
partition4,AbstractEBCServlet
partition4,EBCManagerServlet
partition4,CloseableService
partition4,LinkifyingPrintWriter
partition4,Linkify
partition1,UCDStaticPoolMachineResource
partition1,UCDStaticPoolMachinePlan
partition1,UCDGenericProcessRunner
partition1,Messages
partition1,OpenStackEndpointNotFoundException
partition1,OpenStackInvalidCreateException
partition1,OpenStackStackNotFoundException
partition1,UDeployProcess
partition1,BigUCDDeleter
partition1,VirtualSystemPattern
partition1,VirtualSystemInstanceStatus
partition1,SCORequester
partition1,BigSCODeleter
partition1,History
partition1,VirtualSystemInstance
partition1,Messages[Duplicate_#001]
partition1,JenkinsHelper
partition1,JenkinsBuildInfo
partition1,IllegalValueException
partition1,BuildNotFoundException
partition1,NoCapacityException
partition1,ExternalSystemException
partition1,ProcessingException
partition1,TemporaryProcessingException
partition1,TerminalProcessingException
partition1,JenkinsBuild
partition1,JenkinsBuildProvider
partition1,Hello
partition1,HelloTest
partition1,FutureThrowableWrapper
partition1,ContextUtils
partition1,MachineReadableSpanner
partition1,UCDAgentsDelete
partition1,UCDAgentRequirement
partition1,EBCShutdownProcess
partition1,EBCBuildServlet
partition1,EBCBuildLogServlet
